id,day,target_bw,target_bnp,PP_F0,PP_F0_M,PP_F0_SD,PP_F0_SD_M,PP_LHR,PP_LHR_M,PP_CPP_M,PP_CPP_M2,PP_CPP_SD_M,PP_HNR,PP_HNR_M,PP_JIT_local,PP_JIT_abs,PP_JIT_rap,PP_JIT_ppq5,PP_JIT_ddp,PP_JIT_M_local,PP_JIT_M_abs,PP_JIT_M_rap,PP_JIT_M_ppq5,PP_JIT_M_ddp,PP_SHI_local,PP_SHI_localdb,PP_SHI_apq3,PP_SHI_apq5,PP_SHI_apq11,PP_SHI_dda,PP_SHI_M_local,PP_SHI_M_localdb,PP_SHI_M_apq3,PP_SHI_M_apq5,PP_SHI_M_apq11,PP_SHI_M_dda,PP_GF1_MEA,PP_GF2_MEA,PP_GF3_MEA,PP_GF4_MEA,PP_GF5_MEA,PP_GF1_MED,PP_GF2_MED,PP_GF3_MED,PP_GF4_MED,PP_GF5_MED,PP_GF1_SD,PP_GF2_SD,PP_GF3_SD,PP_GF4_SD,PP_GF5_SD,PP_F1_MEA,PP_F2_MEA,PP_F3_MEA,PP_F4_MEA,PP_F5_MEA,PP_F1_MED,PP_F2_MED,PP_F3_MED,PP_F4_MED,PP_F5_MED,PP_F1_SD,PP_F2_SD,PP_F3_SD,PP_F4_SD,PP_F5_SD,DV_PRO_F0avg,DV_PRO_F0std,DV_PRO_F0max,DV_PRO_F0min,DV_PRO_F0skew,DV_PRO_F0kurt,DV_PRO_F0tiltavg,DV_PRO_F0mseavg,DV_PRO_F0tiltstd,DV_PRO_F0msestd,DV_PRO_F0tiltmax,DV_PRO_F0msemax,DV_PRO_F0tiltmin,DV_PRO_F0msemin,DV_PRO_F0tiltskw,DV_PRO_F0mseskw,DV_PRO_F0tiltku,DV_PRO_F0mseku,DV_PRO_1F0mean,DV_PRO_1F0std,DV_PRO_1F0max,DV_PRO_1F0min,DV_PRO_1F0skw,DV_PRO_1F0ku,DV_PRO_lastF0avg,DV_PRO_lastF0std,DV_PRO_lastF0max,DV_PRO_lastF0min,DV_PRO_lastF0skw,DV_PRO_lastF0ku,DV_PRO_avgEvoiced,DV_PRO_stdEvoiced,DV_PRO_skwEvoiced,DV_PRO_kurtosisEvoiced,DV_PRO_avgtiltEvoiced,DV_PRO_stdtiltEvoiced,DV_PRO_skwtiltEvoiced,DV_PRO_kurtosistiltEvoiced,DV_PRO_avgmseEvoiced,DV_PRO_stdmseEvoiced,DV_PRO_skwmseEvoiced,DV_PRO_kurtosismseEvoiced,DV_PRO_avg1Evoiced,DV_PRO_std1Evoiced,DV_PRO_max1Evoiced,DV_PRO_min1Evoiced,DV_PRO_skw1Evoiced,DV_PRO_kurtosis1Evoiced,DV_PRO_avglastEvoiced,DV_PRO_stdlastEvoiced,DV_PRO_maxlastEvoiced,DV_PRO_minlastEvoiced,DV_PRO_skwlastEvoiced,DV_PRO_kurtosislastEvoiced,DV_PRO_avgEunvoiced,DV_PRO_stdEunvoiced,DV_PRO_skwEunvoiced,DV_PRO_kurtosisEunvoiced,DV_PRO_avgtiltEunvoiced,DV_PRO_stdtiltEunvoiced,DV_PRO_skwtiltEunvoiced,DV_PRO_kurtosistiltEunvoiced,DV_PRO_avgmseEunvoiced,DV_PRO_stdmseEunvoiced,DV_PRO_skwmseEunvoiced,DV_PRO_kurtosismseEunvoiced,DV_PRO_avg1Eunvoiced,DV_PRO_std1Eunvoiced,DV_PRO_max1Eunvoiced,DV_PRO_min1Eunvoiced,DV_PRO_skw1Eunvoiced,DV_PRO_kurtosis1Eunvoiced,DV_PRO_avglastEunvoiced,DV_PRO_stdlastEunvoiced,DV_PRO_maxlastEunvoiced,DV_PRO_minlastEunvoiced,DV_PRO_skwlastEunvoiced,DV_PRO_kurtosislastEunvoiced,DV_PRO_Vrate,DV_PRO_avgdurvoiced,DV_PRO_stddurvoiced,DV_PRO_skwdurvoiced,DV_PRO_kurtosisdurvoiced,DV_PRO_maxdurvoiced,DV_PRO_mindurvoiced,DV_PRO_avgdurunvoiced,DV_PRO_stddurunvoiced,DV_PRO_skwdurunvoiced,DV_PRO_kurtosisdurunvoiced,DV_PRO_maxdurunvoiced,DV_PRO_mindurunvoiced,DV_PRO_avgdurpause,DV_PRO_stddurpause,DV_PRO_skwdurpause,DV_PRO_kurtosisdurpause,DV_PRO_maxdurpause,DV_PRO_mindurpause,DV_PRO_PVU,DV_PRO_PU,DV_PRO_UVU,DV_PRO_VVU,DV_PRO_VP,DV_PRO_UP,DV_PHO_avg DF0,DV_PHO_avg DDF0,DV_PHO_avg Jitter,DV_PHO_avg Shimmer,DV_PHO_avg apq,DV_PHO_avg ppq,DV_PHO_avg logE,DV_PHO_std DF0,DV_PHO_std DDF0,DV_PHO_std Jitter,DV_PHO_std Shimmer,DV_PHO_std apq,DV_PHO_std ppq,DV_PHO_std logE,DV_PHO_skewness DF0,DV_PHO_skewness DDF0,DV_PHO_skewness Jitter,DV_PHO_skewness Shimmer,DV_PHO_skewness apq,DV_PHO_skewness ppq,DV_PHO_skewness logE,DV_PHO_kurtosis DF0,DV_PHO_kurtosis DDF0,DV_PHO_kurtosis Jitter,DV_PHO_kurtosis Shimmer,DV_PHO_kurtosis apq,DV_PHO_kurtosis ppq,DV_PHO_kurtosis logE,DV_GLO_global avg var GCI,DV_GLO_global avg avg NAQ,DV_GLO_global avg std NAQ,DV_GLO_global avg avg QOQ,DV_GLO_global avg std QOQ,DV_GLO_global avg avg H1H2,DV_GLO_global avg std H1H2,DV_GLO_global avg avg HRF,DV_GLO_global avg std HRF,DV_GLO_global std var GCI,DV_GLO_global std avg NAQ,DV_GLO_global std std NAQ,DV_GLO_global std avg QOQ,DV_GLO_global std std QOQ,DV_GLO_global std avg H1H2,DV_GLO_global std std H1H2,DV_GLO_global std avg HRF,DV_GLO_global std std HRF,DV_GLO_global skewness var GCI,DV_GLO_global skewness avg NAQ,DV_GLO_global skewness std NAQ,DV_GLO_global skewness avg QOQ,DV_GLO_global skewness std QOQ,DV_GLO_global skewness avg H1H2,DV_GLO_global skewness std H1H2,DV_GLO_global skewness avg HRF,DV_GLO_global skewness std HRF,DV_GLO_global kurtosis var GCI,DV_GLO_global kurtosis avg NAQ,DV_GLO_global kurtosis std NAQ,DV_GLO_global kurtosis avg QOQ,DV_GLO_global kurtosis std QOQ,DV_GLO_global kurtosis avg H1H2,DV_GLO_global kurtosis std H1H2,DV_GLO_global kurtosis avg HRF,DV_GLO_global kurtosis std HRF
1234572,0,74.9,6242,129.08366926933198,129.4621893570514,6.6714132201823375,1.587987561283443,7.108786579430807,8.775469278739392,0.1196996971067154,0.1174912630768663,0.0342079019638188,10.514466057259478,11.08679218873098,0.00373616071018,2.882055112262041e-05,0.0017146935020366,0.0019731235948968,0.00514408050611,0.0033494099456549,2.6071341296940625e-05,0.0017001487861996,0.0019355498091287,0.0051004463585988,0.0467761914510487,0.0467761914510487,0.0233462134037064,0.026960679322658,0.0394609182458973,0.0700386402111192,0.0346025103509325,0.0346025103509325,0.0184728863334428,0.021272929975583,0.029459351789623,0.0554186590003285,609.942302147472,1144.937113864351,2770.0086594133286,3245.1985513598743,4505.707213663276,570.9936758197018,1077.7966232392882,2817.944573961163,3212.6817989252963,4520.761481998836,109.13974451709164,253.493551657012,251.60192763757465,175.57088065130614,112.47252151078878,613.3801798675595,1138.642807259194,2765.5149382754853,3244.7021760469192,4503.428470591849,571.2055130767247,1079.0084936613894,2812.645995472368,3212.8237902856417,4521.619860461808,110.15306290006266,214.7758363789308,240.67365693659448,146.48211914152856,101.03644474736198,129.6008758544922,2.6187283992767334,142.25738525390625,118.49518585205078,1.5687514772194109,5.912106529192187,-1.4451719742320046,4.086966488243529,0.0,0.0,-1.4451719742320046,4.086966488243529,-1.4451719742320046,4.086966488243529,,,,,129.6008758544922,2.6187283992767334,142.25738525390625,118.49518585205078,1.5687514772194109,5.912106529192187,129.6008758544922,2.6187283992767334,142.25738525390625,118.49518585205078,1.5687514772194109,5.912106529192187,0.0,0.0,0.0,0.0,0.0,0.0,0.0,0.0,0.0,0.0,0.0,0.0,0.0,0.0,0.0,0.0,0.0,0.0,0.0,0.0,0.0,0.0,0.0,0.0,0.0,0.0,0.0,0.0,0.0,0.0,0.0,0.0,0.0,0.0,0.0,0.0,0.0,0.0,0.0,0.0,0.0,0.0,0.0,0.0,0.0,0.0,0.0,0.0,0.0,0.0,0.0,0.0,0.0,0.0,0.0,0.0,0.0,0.0,0.0,0.0,0.0,0.0,0.0,0.0,0.0,0.0,0.0,0.0,0.0,0.0,0.0,0.0,0.0,-0.0256763417273759,-0.0617704838514328,0.5819583092950923,1.8247312023218727,5.394013612131435,0.386467004777549,-21.20238965349182,1.2204687595367432,1.3664990663528442,0.6276892528046009,2.8486820350844058,4.43353398014959,0.3271192490881688,3.049559591147484,3.4919801346526667,-2.0201977356463288,7.219731204231587,3.567191289838181,1.620966120473018,1.8705424144180312,1.0584267653841106,29.69462908023725,12.62815795085194,76.84907267580019,18.51667846413724,3.834251864111709,7.643810515504263,0.8822280032801295,0.0010667435248015,0.0032452795599973,0.0009867075331938,0.1686245737867737,0.0586217437354105,13.52898960775408,8.145808818113498,-3153.3034954228324,16582.275531630272,0.0003381358707012,0.0004266323546324,0.0001814192209415,0.0394877438804686,0.0186628818453866,3.7868385203640695,2.52343909293193,9692.21458422868,48168.29047814651,0.2523004870977061,0.4938017831659689,-0.5474407369282748,0.1110283862324071,-0.1084745281111118,0.5851997935442838,0.0669455543173621,-3.133141308151338,3.1516932292241826,-0.4699089111292176,-0.1214151785829602,-0.3069191935863657,-0.1482026454863638,-0.0852656252166892,-0.3990729308443481,-1.5514523256372088,8.42027956239008,8.55898899182003
1234572,1,72.9,4492,113.57939544734876,113.53329828373272,1.3606284905589503,0.9912740869824006,6.133962172214379,8.139428640549886,0.0915832901820836,0.091593239364966,0.0189209090201443,9.679559724086072,9.794639838083944,0.0043473304406776,3.827665521076968e-05,0.0023143184050294,0.0024573826011398,0.0069429552150884,0.0047918279407614,4.2164858783563696e-05,0.0027611418028981,0.0025489558212526,0.0082834254086945,0.0635307563970321,0.0635307563970321,0.0329733385705614,0.0397474794131789,0.0582008796305225,0.0989200157116843,0.0623488068735787,0.0623488068735787,0.0307523936640962,0.0395235028734061,0.0648949043099975,0.0922571809922887,609.0910203720789,1189.1600537585762,3048.655482195944,3326.7295398927054,4062.1122508838025,598.3644700927179,1182.7231314880885,3050.324186155234,3322.906057198534,4136.415463012437,72.54125674782641,56.90857736252284,107.8907904050993,121.27742720497788,394.13458088210285,608.9662605735645,1187.2914187484866,3048.131300363907,3326.5733935754106,4075.1925490243934,599.0043699573553,1180.3420947125137,3047.9062777215986,3319.556973942013,4121.7317356799085,63.36496492192927,54.04640864626136,98.4489844445746,115.21957543547694,356.8484938591401,113.51734161376952,1.421200156211853,118.71206665039062,110.26791381835938,0.4483668325910866,0.8713461566086869,0.2750389699139201,1.9258855154437948,0.0,0.0,0.2750389699139201,1.9258855154437948,0.2750389699139201,1.9258855154437948,,,,,113.51734161376952,1.421200156211853,118.71206665039062,110.26791381835938,0.4483668325910866,0.8713461566086869,113.51734161376952,1.421200156211853,118.71206665039062,110.26791381835938,0.4483668325910866,0.8713461566086869,0.0,0.0,0.0,0.0,0.0,0.0,0.0,0.0,0.0,0.0,0.0,0.0,0.0,0.0,0.0,0.0,0.0,0.0,0.0,0.0,0.0,0.0,0.0,0.0,0.0,0.0,0.0,0.0,0.0,0.0,0.0,0.0,0.0,0.0,0.0,0.0,0.0,0.0,0.0,0.0,0.0,0.0,0.0,0.0,0.0,0.0,0.0,0.0,0.0,0.0,0.0,0.0,0.0,0.0,0.0,0.0,0.0,0.0,0.0,0.0,0.0,0.0,0.0,0.0,0.0,0.0,0.0,0.0,0.0,0.0,0.0,0.0,0.0,-0.0240341424942016,-0.0090947579592466,0.5059244009067608,2.622668730127929,8.251876477748285,0.3392082856062345,-20.71732796164407,0.7708187699317932,1.0334699153900146,0.4083460132594779,4.081404308166756,6.688139155786737,0.2693172884652309,3.254898502870082,0.2534634319747393,-0.2297301310134224,1.1419379059876056,2.7663451465492512,1.2267738954994187,1.2587878202112306,0.8178626615583793,0.3652510167385006,0.9308997962434992,1.3047816479241812,8.58006992362664,1.0292140171014488,2.2123009811997214,0.0403009249729295,0.0008864336583347,0.0025465041980509,0.0007343309032713,0.1350157276160348,0.0441963675305636,10.19313163110101,6.23737345181174,100.2966632152103,827.8288093837838,0.0002762584826947,0.0004157492945735,9.554593383380822e-05,0.0120059491495464,0.009367485072252,1.7664779300118516,1.4870163680696955,345.5096395725436,1340.2754500708015,0.0248718521390542,0.3046966126300036,0.9211957547856806,0.8238017726686511,0.577728684084555,0.5921289591850056,0.9355974004100924,1.7634849782293838,2.4379570306265994,-1.2843415543230183,-1.1646156651989603,1.6484810260064142,0.8875931376168227,-0.5203063356847992,-0.4366687488584029,0.0740824797601691,4.753230932589096,5.279157898827229
1234572,2,70.9,2742,112.69091966452476,112.26214982696676,3.8469941334287774,2.225807903893615,4.715734144747459,5.669910279473696,0.0995003096073654,0.0976906172162565,0.0216447367772368,10.219768015465364,9.360509697178095,0.0038434068739562,3.41107909188597e-05,0.0017218599593973,0.0022058623519321,0.0051655798781921,0.0032387687675873,2.934683113532452e-05,0.0016866546259392,0.0021110193157354,0.0050599638778176,0.092160391017404,0.092160391017404,0.0510374421459287,0.0538973992067821,0.0628337583593745,0.1531123264377862,0.1047481170788949,0.1047481170788949,0.0627352496535911,0.0680596825587935,0.0762447083449123,0.1882057489607733,561.9074056198154,1188.0192252261634,2791.789731721973,3184.222391836669,4257.922331277631,555.3354645196702,1186.5398962386964,2909.958852225558,3137.855886227288,4375.105138596177,46.18005122561598,54.2452334166989,254.79862267018152,159.68741070505337,298.76116789687023,561.1028653417764,1183.3001596003205,2791.362470591396,3183.9104724363056,4270.064502627039,556.1941381545568,1181.105915277808,2885.785574441749,3142.888860673289,4382.917762528927,43.44933688428681,50.74159612969591,234.3965985351429,152.6415396365204,306.19721502418724,112.67616271972656,3.787379026412964,134.17445373535156,100.41510772705078,2.5538979195431426,10.43265443690932,-1.7884709519452688,9.461454596573803,0.0,0.0,-1.7884709519452688,9.461454596573803,-1.7884709519452688,9.461454596573803,,,,,112.67616271972656,3.787379026412964,134.17445373535156,100.41510772705078,2.5538979195431426,10.43265443690932,112.67616271972656,3.787379026412964,134.17445373535156,100.41510772705078,2.5538979195431426,10.43265443690932,0.0,0.0,0.0,0.0,0.0,0.0,0.0,0.0,0.0,0.0,0.0,0.0,0.0,0.0,0.0,0.0,0.0,0.0,0.0,0.0,0.0,0.0,0.0,0.0,0.0,0.0,0.0,0.0,0.0,0.0,0.0,0.0,0.0,0.0,0.0,0.0,0.0,0.0,0.0,0.0,0.0,0.0,0.0,0.0,0.0,0.0,0.0,0.0,0.0,0.0,0.0,0.0,0.0,0.0,0.0,0.0,0.0,0.0,0.0,0.0,0.0,0.0,0.0,0.0,0.0,0.0,0.0,0.0,0.0,0.0,0.0,0.0,0.0,-0.1004446893930435,-0.0574045032262802,0.4840436582961439,2.0882327257889584,8.453576483216617,0.3341285620986763,-24.29465507691913,1.0382139682769775,1.1977641582489014,0.6106053179238684,2.8840215369084143,6.110606823376578,0.3355891519746018,3.5406974700739124,-0.2954698431215393,-1.0535992260674014,4.7409216533253415,2.3428047379127723,0.7937594005604632,4.6321484645696085,1.0414633295100992,16.014415806100534,6.598098685643482,27.97161875606409,6.740261307386865,0.0678577499178323,35.30781875298284,0.9344684411548814,0.0010090985894152,0.0028393750020609,0.0006518030484791,0.1259320914518581,0.0332113902207461,11.025634169891989,6.046955546755123,60.44243697622792,506.4225659324351,0.0003053884278558,0.0004784763056887,0.0001028158487958,0.0193586696129821,0.0075534008791807,1.365242056665554,0.8376723595694252,247.5019597272588,1057.3771176732942,-0.5225392354526462,-0.266947041626776,0.6383304973033509,-1.452572819744598,0.2717725009308602,0.5322978840030563,0.4537545381871778,-1.8613710236763168,3.369964047029064,-0.385459520982621,-1.5253559568893065,1.423371920300761,1.5582260474332337,1.1358896540589214,0.072094513598699,0.1447178871857244,19.56170397184979,10.77588597277768
1234570,0,81.4,6998,87.24065584024223,87.14519840130325,1.480475416819262,0.5923227806452375,10.2203254440391,9.247039561400312,0.0501053904220333,0.0495939950840171,0.0088594856702628,9.27160698029709,9.049838500218447,0.005255133372795,6.031455797899952e-05,0.0030294650247476,0.0031517222970594,0.0090883950742428,0.0047849488171691,5.5184062490639486e-05,0.0027659362183702,0.0028128826589872,0.0082978086551108,0.0474361188675421,0.0474361188675421,0.0236927725020356,0.029412718798451,0.0397240041226505,0.071078317506107,0.0378666572156347,0.0378666572156347,0.0198194279196624,0.0241120817309482,0.0280119226277876,0.0594582837589873,487.2803920726272,1047.0769829972928,2690.062662202821,3111.5136328547205,4425.117974115842,479.1142399241659,1048.263203848871,2671.348500540555,3088.402284233064,4415.914843583605,34.573702714456374,181.19183089487527,108.97303813382872,110.4701090262334,116.31567177597876,486.55654587926296,1045.791207111129,2690.812540034842,3107.779794575152,4430.453429057203,478.5554157781527,1042.826162514389,2670.8125184982728,3089.022547153754,4427.579511494733,33.5648626066785,149.6903270744218,94.33339418573232,90.60795056577996,94.55549354914712,87.09468078613281,0.7870279550552368,91.24344635009766,85.31061553955078,1.0809975424437772,4.294271797569772,0.1110711485808102,0.6128325706136868,0.0,0.0,0.1110711485808102,0.6128325706136868,0.1110711485808102,0.6128325706136868,,,,,87.09468078613281,0.7870279550552368,91.24344635009766,85.31061553955078,1.0809975424437772,4.294271797569772,87.09468078613281,0.7870279550552368,91.24344635009766,85.31061553955078,1.0809975424437772,4.294271797569772,0.0,0.0,0.0,0.0,0.0,0.0,0.0,0.0,0.0,0.0,0.0,0.0,0.0,0.0,0.0,0.0,0.0,0.0,0.0,0.0,0.0,0.0,0.0,0.0,0.0,0.0,0.0,0.0,0.0,0.0,0.0,0.0,0.0,0.0,0.0,0.0,0.0,0.0,0.0,0.0,0.0,0.0,0.0,0.0,0.0,0.0,0.0,0.0,0.0,0.0,0.0,0.0,0.0,0.0,0.0,0.0,0.0,0.0,0.0,0.0,0.0,0.0,0.0,0.0,0.0,0.0,0.0,0.0,0.0,0.0,0.0,0.0,0.0,-0.0260657966136932,0.0283047463744878,0.4409235446737888,2.8822683871610097,6.507982453014392,0.2766012290469185,-18.458266159004467,0.5444279313087463,0.8171070218086243,0.3994908302857719,3.897240579385404,4.920330751969801,0.193471341507868,2.1127498915491194,-1.2852224814399666,0.3362688935670492,3.6263770108716735,1.7142135577838389,0.915550838132336,0.7149601964378769,1.3221102698444154,7.150869332219669,0.5030066711519923,23.59539556220721,2.8767348962555515,-0.0455722723820217,-0.4497049300375217,2.2231230815299368,0.0013439292895772,0.00172167449998,0.0009729488109164,0.2093154673188691,0.1458223080385435,6.243061814794471,10.938589764419469,51.7370675224055,124.538404538369,0.0001715385036851,0.0002356205116394,0.0001231872556316,0.0501253786610188,0.0292870501463769,3.713424747012693,6.004202531928096,91.62687959802774,365.9585660945665,0.2140190513649232,0.6614480381634944,-0.408065400303325,0.7969616185000176,-0.0368425657440791,0.5457825034719685,0.4301841678130064,3.595871101595418,3.6628722232753503,0.8758483471601326,-0.0823064718399466,-0.6372964495646696,-0.2169251510606029,-0.8502963678198956,-0.7519149364165321,-0.7095490196099257,11.240823880377985,11.533032733827772
1234570,1,79.0,5248,96.95219671530194,96.95658558658316,0.6508781900370562,0.4548056938369004,14.449868161675292,14.269760661332691,0.0767936012323265,0.0746779086357252,0.0175947706514135,11.41456540518014,11.423790800127174,0.0042192059639485,4.351750814745529e-05,0.0022758976221073,0.0025754320587383,0.0068276928663221,0.0038476520140005,3.963608865339853e-05,0.0023201081617781,0.0024894660771504,0.0069603244853345,0.0400328422185291,0.0400328422185291,0.0207665061088094,0.0240193240999129,0.0302486604742929,0.0622995183264282,0.0341793895127904,0.0341793895127904,0.0196040504721005,0.0209808046579356,0.0278688398866719,0.0588121514163017,483.5976311201868,1037.5556843046415,2575.821531495699,3149.56288142238,4416.028516507196,479.8968887189626,1000.1022911141008,2555.8753976111702,3127.976295444836,4410.945952363031,28.44898723765561,238.09382672187573,98.57918642509986,135.79299602664258,56.73803168530575,480.7351515950231,1037.2316579565324,2575.903661435488,3154.1680459316167,4416.976587856273,477.5238743111447,999.2765171203788,2558.673152659969,3132.8572127110465,4413.746540623046,24.724572424633035,208.3188182824463,89.30213912428003,130.9779275169151,50.03020763591701,96.91603088378906,0.6600975394248962,99.26592254638672,94.21781158447266,0.1069127096128491,1.4568644827146704,0.1941474175683739,0.4121469188887416,0.0,0.0,0.1941474175683739,0.4121469188887416,0.1941474175683739,0.4121469188887416,,,,,96.91603088378906,0.6600975394248962,99.26592254638672,94.21781158447266,0.1069127096128491,1.4568644827146704,96.91603088378906,0.6600975394248962,99.26592254638672,94.21781158447266,0.1069127096128491,1.4568644827146704,0.0,0.0,0.0,0.0,0.0,0.0,0.0,0.0,0.0,0.0,0.0,0.0,0.0,0.0,0.0,0.0,0.0,0.0,0.0,0.0,0.0,0.0,0.0,0.0,0.0,0.0,0.0,0.0,0.0,0.0,0.0,0.0,0.0,0.0,0.0,0.0,0.0,0.0,0.0,0.0,0.0,0.0,0.0,0.0,0.0,0.0,0.0,0.0,0.0,0.0,0.0,0.0,0.0,0.0,0.0,0.0,0.0,0.0,0.0,0.0,0.0,0.0,0.0,0.0,0.0,0.0,0.0,0.0,0.0,0.0,0.0,0.0,0.0,0.0238975081592798,-0.0228238701820373,0.4398913579926513,2.7287147039887065,4.863496824591737,0.3004482157523795,-16.358585848633062,0.5627229809761047,0.8260089755058289,0.3603076815450987,3.895408493317112,3.4865580390102746,0.2166765585163921,1.458553797845998,0.3744516229844757,-0.4576400433743724,1.7051168442415967,3.7611140975950352,0.650245310472389,1.1379639209396335,0.776711880489736,1.230794585260602,0.879986256523901,4.312108053731364,22.808143892575668,-0.1411898348252487,1.3505399203619437,2.7120713351623333,0.0007055873174054,0.0023661758878169,0.0009898984632864,0.2169244390913237,0.1199365759417796,4.7466340342118105,5.669529811305682,32.26440764438855,15.28441427752347,0.0001153885617039,0.0002444317224168,9.96047134644148e-05,0.0325756854881331,0.0219339720703363,1.4511676649779237,1.6250207294739922,4.400650289981586,6.235934492586241,-0.1636016650024175,-1.3333046721723802,-0.7048089284034939,-0.7512020776857637,-0.2817934993365572,0.2576332250986194,0.535895236098199,0.0561697076129154,0.7826424465926883,0.7386476192799947,3.9450202363964095,0.8022951681335453,1.9150564030448711,6.344397775140791,-0.9655364959025924,-0.6731828049482882,-0.8754050965314231,-0.1656944142438545
1234570,2,76.6,3498,96.97387884693856,96.84379777931468,1.349591828525168,0.6880296253917542,11.404534928960953,11.658571197120551,0.0704073543868638,0.0705642784864174,0.0111972653955194,9.196529310576263,9.53287770497066,0.0048746540821474,5.0287447909410965e-05,0.0025111117722395,0.0026873515119401,0.0075333353167187,0.0046286129255581,4.782873530054726e-05,0.0024561332866097,0.0026669872287831,0.0073683998598293,0.0631670183416108,0.0631670183416108,0.0347436284313703,0.0388028299849871,0.0496684011078498,0.1042308852941111,0.0565156325499737,0.0565156325499737,0.0305191890361883,0.0345260231683688,0.0455739814638006,0.0915575671085649,498.3043054219256,1277.2869734991436,2556.8135257478307,3224.08936807002,4362.12465288469,493.1375797934706,1239.2674511392042,2509.5720385494265,3199.7715238439014,4391.248973886993,20.21495248183773,239.48357840073697,143.6069987974586,133.7394391920541,117.3521468890376,497.3922452400934,1284.2211005170934,2550.4014633041443,3218.960591488327,4363.58022037248,491.8214028546766,1262.6878145963096,2511.49840960246,3206.278930660668,4395.940356986,26.78397721947668,189.56122372687545,115.0365825512622,105.8101587721212,109.7327948790388,96.87606048583984,1.2297977209091189,105.493408203125,94.70594024658205,3.184172384818526,18.645705105317763,0.0379907631708705,1.5116628114067974,0.0,0.0,0.0379907631708705,1.5116628114067974,0.0379907631708705,1.5116628114067974,,,,,96.87606048583984,1.2297977209091189,105.493408203125,94.70594024658205,3.184172384818526,18.645705105317763,96.87606048583984,1.2297977209091189,105.493408203125,94.70594024658205,3.184172384818526,18.645705105317763,0.0,0.0,0.0,0.0,0.0,0.0,0.0,0.0,0.0,0.0,0.0,0.0,0.0,0.0,0.0,0.0,0.0,0.0,0.0,0.0,0.0,0.0,0.0,0.0,0.0,0.0,0.0,0.0,0.0,0.0,0.0,0.0,0.0,0.0,0.0,0.0,0.0,0.0,0.0,0.0,0.0,0.0,0.0,0.0,0.0,0.0,0.0,0.0,0.0,0.0,0.0,0.0,0.0,0.0,0.0,0.0,0.0,0.0,0.0,0.0,0.0,0.0,0.0,0.0,0.0,0.0,0.0,0.0,0.0,0.0,0.0,0.0,0.0,-0.0290629882365465,0.0858146920800209,0.6064041742241159,3.911911196075673,7.725324091405768,0.3676734549063623,-16.393697343390127,1.1742302179336548,1.137873291969299,0.8861127454013747,4.7614849917929085,5.057984705325496,0.4061140799220465,1.5236135646372433,-1.3138647015374956,1.760733516516584,4.424691964256899,1.3275296646340793,0.4291801609403883,4.58435493494193,0.0562357296716821,15.36077947796154,9.332582082623182,22.0022610185925,0.9919715930953036,-0.5978887832394828,31.43171111543751,2.503703272562106,0.000676208874272,0.0023087165250471,0.0010461612745496,0.3169899719870402,0.1910836018498801,8.019805029308786,10.431940858935189,29.03374333410484,48.50574344204018,0.0001205089069953,0.0002589492813762,0.0001240081545244,0.0552396971652376,0.0390958934654615,2.1569946038973606,2.791993268356803,16.274721960304657,26.68756112108789,-0.0734284880410719,0.1229701584256479,-0.5041550052769608,-0.0719361082312412,-0.7287295410174157,0.1713862075503574,-0.2037508214167279,-0.2486073213929804,1.1365518242600825,-0.013802624557583,-0.2778046964545098,-0.1351472341145587,-0.8376017160238916,-0.7434396384124042,-0.6428042577562119,-1.1351802706558325,-0.9412872739718984,0.8220044975107159
1234567,0,72.8,5988,106.03790091403664,106.02255371592922,1.0419981076050309,0.697564742857784,9.050319679499848,7.521569794085768,0.0992235082980729,0.0955631819961485,0.0290545336519187,10.351423023970083,10.535195944210445,0.0118445311232705,0.0001117020958532,0.0073586267303819,0.0060807589091235,0.0220758801911458,0.0100225868855185,9.501406823372972e-05,0.0062225827287631,0.00497729615499,0.0186677481862893,0.0598697140678151,0.0598697140678151,0.0364145960234703,0.0312893983454135,0.040404152004931,0.1092437880704109,0.0573542389466474,0.0573542389466474,0.0350747696884183,0.0283311684523314,0.0402634929488356,0.1052243090652549,576.475220214584,1686.0689038965816,2835.578201680976,3496.1596779043143,3845.183901035687,575.8489505590949,2182.7950120184264,3024.163191836813,3742.7166946647353,3827.8904166416623,118.01269054616894,706.6195647686027,277.0453186114781,348.8315802927862,54.03649990062932,586.2438558576961,1726.5492117810204,2851.509552649944,3512.958269966812,3846.77168801417,582.1365949610802,2164.389228782029,3021.0608900572965,3738.355670959756,3831.097167559295,94.98047602244084,629.0132011092685,247.8154042906148,314.59712184357875,54.6065196983911,105.89202117919922,1.088957667350769,109.99597930908205,101.16919708251952,0.078105284529062,4.638791201487333,-0.4799630188284369,1.0037198282162856,0.0,0.0,-0.4799630188284369,1.0037198282162856,-0.4799630188284369,1.0037198282162856,,,,,105.89202117919922,1.088957667350769,109.99597930908205,101.16919708251952,0.078105284529062,4.638791201487333,105.89202117919922,1.088957667350769,109.99597930908205,101.16919708251952,0.078105284529062,4.638791201487333,0.0,0.0,0.0,0.0,0.0,0.0,0.0,0.0,0.0,0.0,0.0,0.0,0.0,0.0,0.0,0.0,0.0,0.0,0.0,0.0,0.0,0.0,0.0,0.0,0.0,0.0,0.0,0.0,0.0,0.0,0.0,0.0,0.0,0.0,0.0,0.0,0.0,0.0,0.0,0.0,0.0,0.0,0.0,0.0,0.0,0.0,0.0,0.0,0.0,0.0,0.0,0.0,0.0,0.0,0.0,0.0,0.0,0.0,0.0,0.0,0.0,0.0,0.0,0.0,0.0,0.0,0.0,0.0,0.0,0.0,0.0,0.0,0.0,0.0247566830366849,-0.0047292644158005,0.5512654373447641,3.650419476034205,5.664808877572866,0.3612282141780553,-13.424387819899904,0.9556183218955994,1.38701069355011,0.6681674222140274,4.491566467398867,4.274627454380136,0.3659608068580572,2.295933423593275,0.3897350714630743,0.4007366824756972,2.9349205790793653,1.5208205071034728,0.9485164884733464,2.209997853121928,-3.7658061604039794,6.51376800047724,2.502937225236421,9.907226990191798,2.014178762675064,0.4155362702297243,6.085317692483431,16.93558779960186,0.0008561904624654,0.0020251738508848,0.0007874093449523,0.1218057331656827,0.0352716939949034,6.220289920510405,6.6601376556010194,41.43290710380269,35.5730422082969,9.716040368273647e-05,0.0003215829578823,0.0001246390923521,0.0211001032735381,0.0159370896955687,1.9525081816213028,3.2012101552982046,10.4433302527918,21.2477663636656,0.0504005997052278,1.124808104323827,0.2157878437925833,2.8528764047867616,5.43262217811743,0.3155878369412465,1.3080803145355724,0.3066530010246213,0.7887721452982889,-0.2964479751741891,1.98927179196379,-0.3480501388844246,10.67993638383892,35.20278167777923,-0.2508353286658482,1.1371206048389402,-0.1887323527828477,-0.2690262019124079
1234567,1,71.8,5113,108.33153322321918,108.38571863948876,0.8489340923945998,0.6040080807293029,9.638356884866974,6.690958127680795,0.0988672184203038,0.0987997881138601,0.0281438329385941,9.592507543393864,8.41558648566793,0.0073718776240822,6.805393153261376e-05,0.004518192568425,0.0038847052292137,0.0135545777052751,0.0046855985266649,4.318074382039605e-05,0.0027974048438845,0.0030407995897349,0.0083922145316535,0.0527542084802521,0.0527542084802521,0.0294108849318302,0.0305608922988662,0.039376155507459,0.0882326547954908,0.0705364081325655,0.0705364081325655,0.0414456074737408,0.0411290683958436,0.0539663173608206,0.1243368224212225,527.4982043298635,2179.618730029872,3009.9821938181235,3708.7791886747314,4084.8061206770335,514.9838309418608,2279.322393918157,3044.9794930491,3738.587591871141,4049.91979969558,58.17474814383749,360.8739408074841,151.10546535709622,162.8804488214304,152.42986385001453,529.825998083332,2179.65126008127,3008.963408023359,3708.319126989143,4095.7422006508655,518.9813882647985,2279.223065016248,3043.74101469008,3740.692746272552,4056.347934949637,56.47869729932189,357.8701187590297,150.045130848802,156.89965616388687,144.0046962112322,108.3524169921875,0.8322561383247375,110.0322723388672,104.83008575439452,-0.786764979311355,0.6844271763558054,0.4055758701433504,0.5609211197689787,0.0,0.0,0.4055758701433504,0.5609211197689787,0.4055758701433504,0.5609211197689787,,,,,108.3524169921875,0.8322561383247375,110.0322723388672,104.83008575439452,-0.786764979311355,0.6844271763558054,108.3524169921875,0.8322561383247375,110.0322723388672,104.83008575439452,-0.786764979311355,0.6844271763558054,0.0,0.0,0.0,0.0,0.0,0.0,0.0,0.0,0.0,0.0,0.0,0.0,0.0,0.0,0.0,0.0,0.0,0.0,0.0,0.0,0.0,0.0,0.0,0.0,0.0,0.0,0.0,0.0,0.0,0.0,0.0,0.0,0.0,0.0,0.0,0.0,0.0,0.0,0.0,0.0,0.0,0.0,0.0,0.0,0.0,0.0,0.0,0.0,0.0,0.0,0.0,0.0,0.0,0.0,0.0,0.0,0.0,0.0,0.0,0.0,0.0,0.0,0.0,0.0,0.0,0.0,0.0,0.0,0.0,0.0,0.0,0.0,0.0,0.0187780708074569,-0.0068973219022154,0.5006787386740356,4.599453960720795,7.855327860870516,0.3372878527167591,-14.424909672699414,0.7176418304443359,1.1720627546310425,0.4150229552175183,5.906547651587917,6.10440738636384,0.2673271023352895,1.571657804951065,0.1879281614845831,0.2879250934389391,1.0749423785454588,1.681153324419076,1.5263156113019327,1.25968389352642,-4.64426352169959,0.25037825272832,0.0064652902168811,0.8028739082933707,2.9536031302678643,4.951498691206933,2.2635012836617,33.010349892450385,0.0009676119620951,0.0020485333919035,0.0008407932178902,0.1355488100391053,0.0450976498481833,9.02833161443506,10.433288231759157,43.05521629696576,86.2434482134283,0.0001471123611226,0.0002042762137689,0.0001534086956466,0.017886557209775,0.0174271345381231,2.4546999809284897,4.347355270686223,28.56432373427654,82.00862988396617,-1.259088281553545,-0.4855898570532449,0.1266209288673647,0.8631749544504481,1.75680867190208,0.350799830299072,0.8014285589847593,-0.1472676265847127,1.7707238700533678,1.592836037861483,0.174940913493574,-0.3521703299832084,0.1566665247478544,2.09180787914939,-0.7449515861431739,0.1496928265314538,1.736183531996037,2.1284137790197057
1234567,2,70.9,4238,111.0390785041302,111.2640117046261,2.7725901488322937,0.3911609073631516,13.138897312560868,11.397677014703763,0.086612851097089,0.0867032610707716,0.0175240884312854,7.66257214267241,7.148977241476852,0.0035283590116298,3.173450084211712e-05,0.0019814273933524,0.0021149975801525,0.0059442821800572,0.0027918314251437,2.5122935261348515e-05,0.0015528187609197,0.0017177043492579,0.0046584562827593,0.0674498482817169,0.0674498482817169,0.0360861412399599,0.0418044611761054,0.0505617254827766,0.1082584237198798,0.0503332901120645,0.0503332901120645,0.0282198022426084,0.0303667057814212,0.0377311677491775,0.0846594067278252,696.4432075400861,2221.859799322743,3100.44940026056,3719.0157249196527,4106.091179537408,716.7021915504527,2216.421175547094,3099.593189744609,3718.232784289651,4106.091179537408,62.908271627829656,83.237541550573,42.6608977119812,77.08242247818687,0.0,698.0879469951092,2220.8782536357594,3099.5816573530533,3718.182150826901,3945.032893176604,718.8934891880308,2216.36677741144,3099.445474415131,3717.7305843279473,3945.032893176604,58.23789194682692,56.69185224306806,35.05568119476303,73.05486992594894,0.0,111.19937133789062,0.7757628560066223,112.72660064697266,105.67222595214844,-3.1011334599271256,15.835167983980892,-0.0166130638594327,0.6015262530488706,0.0,0.0,-0.0166130638594327,0.6015262530488706,-0.0166130638594327,0.6015262530488706,,,,,111.19937133789062,0.7757628560066223,112.72660064697266,105.67222595214844,-3.1011334599271256,15.835167983980892,111.19937133789062,0.7757628560066223,112.72660064697266,105.67222595214844,-3.1011334599271256,15.835167983980892,0.0,0.0,0.0,0.0,0.0,0.0,0.0,0.0,0.0,0.0,0.0,0.0,0.0,0.0,0.0,0.0,0.0,0.0,0.0,0.0,0.0,0.0,0.0,0.0,0.0,0.0,0.0,0.0,0.0,0.0,0.0,0.0,0.0,0.0,0.0,0.0,0.0,0.0,0.0,0.0,0.0,0.0,0.0,0.0,0.0,0.0,0.0,0.0,0.0,0.0,0.0,0.0,0.0,0.0,0.0,0.0,0.0,0.0,0.0,0.0,0.0,0.0,0.0,0.0,0.0,0.0,0.0,0.0,0.0,0.0,0.0,0.0,0.0,-0.0210388712584972,0.0088449083268642,0.3588885044445289,3.8685899377458153,7.468064316495315,0.2209254090935892,-16.117252616696145,0.5362513661384583,0.8132362365722656,0.3115937956257592,5.871641759244632,6.047892516235968,0.1610698423266682,1.4685483071348506,-0.9045797075020766,0.496650495931368,2.6274240883099047,3.463703782548505,1.841290190095929,0.9043547128635844,0.700851034803452,3.946633778919933,1.52074588212483,13.70018141100712,17.580552807798348,5.653553682147832,0.3092250162351893,-0.3402429484562077,0.001063509738299,0.0025852407095015,0.0010140426582371,0.2186669637510288,0.1048484410080678,10.907317207691992,11.612053614580905,48.86766096376664,230.60653115707663,0.0001361367568539,0.0001866288537649,0.0001427967853053,0.0264590317702767,0.0371128291408266,2.717677156507352,2.9069254046976725,85.51621801236267,431.3024173572558,-0.2118015762916114,-0.3008044239412959,-0.3524232889261825,0.2367546479272797,4.993847943079109,-0.4967991672807303,-0.6124946806460256,3.1567077844436566,2.9072344666637018,-0.6780875613881219,1.1788229411324496,-0.0820050038201216,0.8007781614493128,32.55044940810061,-0.4605683203284139,-0.0434033295248332,9.540786733482715,7.510216061761804
1234567,3,70.0,3363,111.62802872832144,111.68917258015144,1.0590563671247872,0.5871723890167652,8.235074255766543,7.974809764892187,0.1369232826451802,0.1373181003724791,0.0365308611691528,8.83117744943972,9.98049031148072,0.0036143109650212,3.237210200095873e-05,0.0018277663338707,0.0022847385729241,0.0054832990016121,0.0028187642064551,2.51935127561236e-05,0.001374950036253,0.0019146467554087,0.0041248501087591,0.0753421040791244,0.0753421040791244,0.0399173568010311,0.0458083724553339,0.0631334779733106,0.1197520704030934,0.053192819351182,0.053192819351182,0.0259188677788911,0.0334737515780107,0.04806476657899,0.0777566033366733,672.1209527277313,2211.897193883016,3139.062723810774,3618.722618419582,3953.228493408657,674.7362098140154,2238.831053090385,3158.5186211243786,3622.396132861619,3883.632848074205,61.12029070673415,231.4760585126176,118.14250310670576,75.44812558294517,154.51475162517224,670.2719343255993,2210.059239193772,3139.173244690421,3620.722850982079,4034.415376383887,672.3760789019768,2237.403378490745,3159.512977098936,3619.709539956488,4019.505948059615,60.39689553715338,240.35717906696647,120.05180971942576,78.77460785820575,253.59614441921204,111.59347534179688,1.0521025657653809,113.42530822753906,99.7777862548828,-4.587885222708253,44.08257456763384,0.1702550730854486,1.0731320383127472,0.0,0.0,0.1702550730854486,1.0731320383127472,0.1702550730854486,1.0731320383127472,,,,,111.59347534179688,1.0521025657653809,113.42530822753906,99.7777862548828,-4.587885222708253,44.08257456763384,111.59347534179688,1.0521025657653809,113.42530822753906,99.7777862548828,-4.587885222708253,44.08257456763384,0.0,0.0,0.0,0.0,0.0,0.0,0.0,0.0,0.0,0.0,0.0,0.0,0.0,0.0,0.0,0.0,0.0,0.0,0.0,0.0,0.0,0.0,0.0,0.0,0.0,0.0,0.0,0.0,0.0,0.0,0.0,0.0,0.0,0.0,0.0,0.0,0.0,0.0,0.0,0.0,0.0,0.0,0.0,0.0,0.0,0.0,0.0,0.0,0.0,0.0,0.0,0.0,0.0,0.0,0.0,0.0,0.0,0.0,0.0,0.0,0.0,0.0,0.0,0.0,0.0,0.0,0.0,0.0,0.0,0.0,0.0,0.0,0.0,-0.08198082447052,0.0854043886065483,0.4906937035693511,5.326003718127872,7.194033671513562,0.3562597988998341,-14.472853888793953,1.248760461807251,1.5670640468597412,0.8680375999129927,6.512902022462206,5.58113045631489,0.2850691483133916,1.6336384478079191,-7.4813829503917235,5.022249679885956,10.137528967145114,1.5002290325402208,1.017283170098387,1.4167606148782688,-3.061563601864395,81.29277607953557,48.57371588307204,121.80610837951085,1.8728853616390424,0.756198334289067,3.10299848741872,18.59249488911,0.0010453038138955,0.0020156622100512,0.0007297513487009,0.1518396445246755,0.0620518856186607,12.666490798302616,13.087850736220895,53.14711980875047,116.78621766273362,0.0001247484186806,0.0001699247793953,0.0001068065491822,0.0245019996821857,0.0278222555358583,2.6153732324066734,2.129329014974157,28.59260862859197,112.2907446242488,-0.2600324862730376,1.0620265239765527,0.4616153153394396,1.9094883800673148,1.6742008511215245,0.5093353937175735,-0.7972936065344081,-0.3248985714929658,3.0217220966728724,-0.4230076157428417,1.7928051672009362,-0.1407253547724272,6.97193936485707,5.152627537797816,0.3533599379052066,0.2421443885371363,3.928804456856569,9.404348269442975
1234567,4,69.1,2488,108.25791529881968,108.27283836718884,1.5507830283676902,0.8050155883529263,5.830280321454108,8.531381516191411,0.0987366222115132,0.0968066569730484,0.0280020355527124,8.984852538075605,9.489720599829344,0.0109547964110155,0.0001011324914717,0.006392968044067,0.0060467914642049,0.0191789041322011,0.0078697155723514,7.281659527118976e-05,0.0041481734542622,0.0056317366581672,0.0124445203627867,0.0783416229915779,0.0783416229915779,0.0425237575489086,0.0472696287444883,0.0547172975448882,0.1275712726467258,0.0491298410938737,0.0491298410938737,0.0269348828174649,0.0290377212026799,0.0354203299286285,0.0808046484523948,605.1496950310424,2141.9798752688544,3114.336208623966,3835.669870112771,3979.8286620032673,582.8884931054463,2192.572293286482,3135.950474980911,3838.117439129796,3990.313663687333,74.4399865615122,223.4435246941961,129.67526795751658,151.11145370039375,53.69688538886364,607.6001060531173,2146.957614011293,3116.7239951448028,3839.827801782283,3978.9155217127,585.3662071992562,2189.406570181678,3136.580627046509,3839.586424540044,3991.072555392426,69.1077997164331,191.6931815127793,113.68193371842028,142.92667936477395,50.60368321402334,108.29068756103516,1.235783338546753,113.22434997558594,104.22284698486328,0.4536557081073857,1.4336337834090411,-0.3817754771208915,1.3452516078291354,0.0,0.0,-0.3817754771208915,1.3452516078291354,-0.3817754771208915,1.3452516078291354,,,,,108.29068756103516,1.235783338546753,113.22434997558594,104.22284698486328,0.4536557081073857,1.4336337834090411,108.29068756103516,1.235783338546753,113.22434997558594,104.22284698486328,0.4536557081073857,1.4336337834090411,0.0,0.0,0.0,0.0,0.0,0.0,0.0,0.0,0.0,0.0,0.0,0.0,0.0,0.0,0.0,0.0,0.0,0.0,0.0,0.0,0.0,0.0,0.0,0.0,0.0,0.0,0.0,0.0,0.0,0.0,0.0,0.0,0.0,0.0,0.0,0.0,0.0,0.0,0.0,0.0,0.0,0.0,0.0,0.0,0.0,0.0,0.0,0.0,0.0,0.0,0.0,0.0,0.0,0.0,0.0,0.0,0.0,0.0,0.0,0.0,0.0,0.0,0.0,0.0,0.0,0.0,0.0,0.0,0.0,0.0,0.0,0.0,0.0,0.0144467083737254,-0.0028353817760944,0.7499467937744303,2.9318966687334465,6.517985594776907,0.5469294424024097,-19.189898714094888,1.1240755319595337,1.7036962509155271,0.6470780164140235,3.956790535147067,5.382893722519773,0.4369799892125002,1.5612682138600422,-0.4791327750701277,0.0190492617774194,1.5347181936201295,3.168752438307245,2.1199969306301245,0.9897733935307758,-0.8028293797002725,1.3016709650062983,0.7735249272173754,3.623617202795381,17.923374035505823,8.497432263077293,0.498565864784434,5.421829808779771,0.0010447333640242,0.0026196262620743,0.0009274679255784,0.1314530974044799,0.0331193072895572,8.74973194733731,8.942371548868746,53.062377508165866,65.58255720849137,9.109673187808212e-05,0.0002165683452691,0.0001172448156546,0.0084806099699805,0.015983455920421,2.5702586646886565,2.841011337320448,18.32290914779264,50.57500522926041,-0.7034994964539846,-1.005444841994985,-0.4941190250999023,1.028894986226182,1.9321102321518355,0.8268857753111252,0.3536959712150299,1.4867449040021676,4.782445605603967,0.467797508617505,1.9321085677571608,-0.3592918175608215,1.7652380865343549,3.038755302094767,0.2316170949207396,-0.2862590266116611,4.558932925299853,30.233535445866195
1234568,0,88.2,7795,264.6843862319364,264.83989262916964,3.092011984325763,2.180432639087477,8.185767305015201,9.43048817717468,0.1831267133630605,0.1846711264202905,0.0292992805612558,11.832743747870266,12.42176533530232,0.0023407697913931,8.843698666632908e-06,0.001312292340764,0.0014054176408343,0.0039368770222921,0.0019954702010906,7.505710564865498e-06,0.0010856905782083,0.0012393677860362,0.0032570717346251,0.046308702800094,0.046308702800094,0.0256925591525636,0.0284290445132949,0.0337633145831559,0.077077677457691,0.0426816573834189,0.0426816573834189,0.0237061746932436,0.0275118727296341,0.0333105989592555,0.0711185240797308,668.7610345713875,1102.910637337221,2916.859486325971,3771.146648825106,4184.862022946353,669.360553134529,1105.1425907654962,2917.3342636192174,3770.028443091972,4123.208795784634,40.26656017544223,80.93238984375405,23.963242652683544,92.99951506204204,205.42131100350343,668.4216545646605,1104.5462190820442,2917.097690261275,3771.8485574461993,4183.581940295134,668.9105864301735,1105.6604422437958,2918.239779202074,3771.389070381667,4123.982247650668,39.69295291690392,79.68646727964737,23.36902835782828,88.4001588983761,197.356816058878,264.3970642089844,3.369815826416016,278.7190856933594,253.7862548828125,-0.582612770426442,1.3358037077464058,1.3718850293119125,8.6934257409203,0.0,0.0,1.3718850293119125,8.6934257409203,1.3718850293119125,8.6934257409203,,,,,264.3970642089844,3.369815826416016,278.7190856933594,253.7862548828125,-0.582612770426442,1.3358037077464058,264.3970642089844,3.369815826416016,278.7190856933594,253.7862548828125,-0.582612770426442,1.3358037077464058,0.0,0.0,0.0,0.0,0.0,0.0,0.0,0.0,0.0,0.0,0.0,0.0,0.0,0.0,0.0,0.0,0.0,0.0,0.0,0.0,0.0,0.0,0.0,0.0,0.0,0.0,0.0,0.0,0.0,0.0,0.0,0.0,0.0,0.0,0.0,0.0,0.0,0.0,0.0,0.0,0.0,0.0,0.0,0.0,0.0,0.0,0.0,0.0,0.0,0.0,0.0,0.0,0.0,0.0,0.0,0.0,0.0,0.0,0.0,0.0,0.0,0.0,0.0,0.0,0.0,0.0,0.0,0.0,0.0,0.0,0.0,0.0,0.0,-0.1963181048631668,0.2660881280899048,0.4081681496306016,4.0656850763258685,6.832269708751277,0.2289523498401031,-14.753785023687977,4.045933246612549,4.556588172912598,1.2617149246641717,4.968864928731676,5.968580567485725,0.2662520380007354,1.3406270220000898,-12.04877799441878,11.775171633624328,13.23726191113621,1.6591754282640154,1.4040782026638017,5.321763656084457,-3.3149068716200243,160.81763023508424,155.79112841041052,182.0312392748513,2.834778722163464,1.9309576048805803,45.936257496417895,21.85526963710588,0.0003510418733201,0.0037546461370147,0.001428324182204,0.1630669231605036,0.0589994205313416,6.044125565449976,4.130273646306229,-11.81978344338109,1960.587136067899,8.065749463157443e-05,0.0003945269925671,0.0002632542606205,0.0366910067935666,0.0177913374606958,1.6987582873815024,1.1525954993455931,872.3344149410289,5823.3763800775705,0.3101884434130723,0.2460104881051059,-0.3642411360664898,0.7367727632169516,0.7065250112078483,0.6770773886133808,1.452135056665537,-1.8711217316708728,4.528580708289875,-0.3425823785287218,0.2612199965283226,-0.0899988223006822,1.106068244241249,0.2994532709783151,0.0565167475008157,3.7621758105548606,22.63263270104837,21.85471024660517
1234568,1,86.8,6920,270.4116277326844,270.43147794919787,3.251401026437039,2.069632373606765,9.539562019513683,9.596468255577316,0.1459442713887006,0.1483713108372585,0.0327309345609587,11.80115971017648,12.614199520595012,0.0037436611509076,1.384096381494648e-05,0.0021158622304577,0.0022856450068201,0.0063475866913732,0.0030377692553145,1.1242042351361438e-05,0.0017598115465805,0.0018862922267553,0.0052794346397416,0.0439873109310402,0.0439873109310402,0.024977553258503,0.0266261497873552,0.029001004578845,0.074932659775509,0.0377132044626499,0.0377132044626499,0.0208971347587223,0.0222806395893791,0.0254162985363846,0.0626914042761669,636.7536783479361,1292.7124341942738,2935.372667375527,3772.967067504327,4180.56914699644,628.666901167506,1288.813776818065,2942.1826540490283,3817.8560533433897,4136.83435579332,42.20312816351448,141.0230775644454,55.89000233301777,183.3045418654331,193.40938981437225,638.9677057827998,1299.4848129851905,2935.332764225124,3775.963002701949,4192.354421760149,631.0126499323017,1287.6880469953155,2941.1153225065545,3816.981631053415,4140.015685626942,44.92887555172202,153.06657293283095,63.56302059875274,179.4445530772393,202.71306544749865,270.4437866210937,3.207622766494751,286.064208984375,260.3581848144531,0.3120485760307638,3.947956187817814,0.3628811939288661,10.108851133116016,0.0,0.0,0.3628811939288661,10.108851133116016,0.3628811939288661,10.108851133116016,,,,,270.4437866210937,3.207622766494751,286.064208984375,260.3581848144531,0.3120485760307638,3.947956187817814,270.4437866210937,3.207622766494751,286.064208984375,260.3581848144531,0.3120485760307638,3.947956187817814,0.0,0.0,0.0,0.0,0.0,0.0,0.0,0.0,0.0,0.0,0.0,0.0,0.0,0.0,0.0,0.0,0.0,0.0,0.0,0.0,0.0,0.0,0.0,0.0,0.0,0.0,0.0,0.0,0.0,0.0,0.0,0.0,0.0,0.0,0.0,0.0,0.0,0.0,0.0,0.0,0.0,0.0,0.0,0.0,0.0,0.0,0.0,0.0,0.0,0.0,0.0,0.0,0.0,0.0,0.0,0.0,0.0,0.0,0.0,0.0,0.0,0.0,0.0,0.0,0.0,0.0,0.0,0.0,0.0,0.0,0.0,0.0,0.0,-0.1164761707186698,0.0120621100068092,0.3645093441154449,4.1248380469535,7.124847195846671,0.2505541986492673,-12.15932834720036,3.342045783996582,4.437045574188232,1.0172759405947762,4.928630029329275,4.800954182281464,0.4916549435501497,1.810268665147286,-10.786953336951749,-0.1521129037453207,12.275592963355724,1.568794263252592,0.4918639583571626,8.52713080398681,-1.25549241091611,139.75083363545326,72.22714944127299,162.75598045002022,2.623152249268303,-0.6631592849430223,85.01236810555511,4.397856253429726,0.0003738340824438,0.0034225703134328,0.0017706543694197,0.1993416820468243,0.097732160661154,9.750123670069344,6.63953118882869,50.64556267264359,1147.9782633337163,8.472097639264306e-05,0.0004207847883926,0.0002722327217895,0.0659269618368917,0.2769154649021828,2.3055637896702974,0.9253411966902572,240.5005040570361,1509.7999078677624,-0.1673683435587195,0.7922077840093665,0.0732558237496213,6.8852193551790135,7.322523575726177,-0.1547722722214951,-0.3307220051554598,0.8818964655285015,2.56503524840986,0.0613377575454423,0.5423533693034917,-0.5380342416110109,51.861114649637535,54.923374896862114,-0.4944716256059327,-0.3174758893526364,3.733446250494727,6.487697899653252
1234568,2,85.4,6045,271.6994101795176,271.7840737952176,2.7534381238442265,2.082326849965032,5.547609184545612,5.431381782125665,0.1825042527772089,0.1877834419349774,0.034040175996394,10.61390328817149,11.303023896504472,0.0028740625456245,1.0576577612577196e-05,0.0015731715656672,0.0017567100166905,0.0047195146970017,0.0023720683109958,8.73349946215015e-06,0.0012975508787819,0.0014817148157088,0.0038926526363459,0.0737227104445501,0.0737227104445501,0.0403747910880512,0.0461707402631341,0.0564592507860397,0.1211243732641538,0.0648570785433239,0.0648570785433239,0.0345986046486359,0.0397058356920668,0.0508947175841035,0.1037958139459078,704.364741783765,1349.9586645557486,2978.078147064716,3643.2236223824193,4049.84319418425,707.0285781309084,1354.6643511484897,2982.6932025620213,3621.097648738848,4038.8821922387456,59.122454934176,137.20036229199053,45.110605745332016,184.72183450571805,83.57777050102302,704.6745765551537,1350.0790528637165,2978.6819422988383,3648.2967501911785,4050.2943405314218,707.1811063200037,1350.0429314998726,2983.541166861353,3627.583565678016,4040.482272854976,58.32054214338508,132.17733355854935,43.69086270578078,176.26516122216455,71.13955308934315,271.99444580078125,2.7566256523132324,278.8196105957031,254.9095764160156,-0.9881225990422138,4.727155083348706,0.3877971734048265,7.358562872987881,0.0,0.0,0.3877971734048265,7.358562872987881,0.3877971734048265,7.358562872987881,,,,,271.99444580078125,2.7566256523132324,278.8196105957031,254.9095764160156,-0.9881225990422138,4.727155083348706,271.99444580078125,2.7566256523132324,278.8196105957031,254.9095764160156,-0.9881225990422138,4.727155083348706,0.0,0.0,0.0,0.0,0.0,0.0,0.0,0.0,0.0,0.0,0.0,0.0,0.0,0.0,0.0,0.0,0.0,0.0,0.0,0.0,0.0,0.0,0.0,0.0,0.0,0.0,0.0,0.0,0.0,0.0,0.0,0.0,0.0,0.0,0.0,0.0,0.0,0.0,0.0,0.0,0.0,0.0,0.0,0.0,0.0,0.0,0.0,0.0,0.0,0.0,0.0,0.0,0.0,0.0,0.0,0.0,0.0,0.0,0.0,0.0,0.0,0.0,0.0,0.0,0.0,0.0,0.0,0.0,0.0,0.0,0.0,0.0,0.0,0.0800553411245346,-0.0498005896806716,0.4574306430805614,4.085560678738213,7.702398057658748,0.3002187068345641,-14.568171555998925,1.7859976291656494,2.1828625202178955,0.4516584150354781,4.414091600667504,5.412791558450224,0.2652655499946887,1.7856007068261572,0.7923962041361206,-0.0558752687188839,2.6035497381144426,1.3246849499540685,0.7959541484259398,1.5431021127849314,-1.946016695482556,5.285911980380952,1.1689625400309709,13.900660341485567,1.526764913400812,0.2173269060136484,3.7547069411161695,9.64175872532651,0.0003934085315203,0.003422984370478,0.0020325404460974,0.1682394937881784,0.0917713628570755,4.772638570745668,5.910092666050275,-738.4286439025426,5499.192069122155,0.000335713898963,0.0005413093792939,0.0002859408306027,0.0318561395297867,0.059814747612196,2.447726699610156,2.2598612201583563,3196.4791055755377,23472.55310644457,3.2706195634710222,0.1218662900144437,-0.4778515081614922,0.751866254216503,6.387248300669564,0.3443399306252574,0.813670246143044,-4.362382411493496,4.363566896267832,10.251788427968387,-0.448566306596637,-0.2159599542315242,1.850601566885378,49.23003142082576,1.7756132355822103,0.2856227209262232,17.040678277133832,17.04421341992058
1234568,3,83.9,5170,253.3347129275872,253.51089199980024,4.077373096018991,2.9420364269065,11.120095169705824,13.048284049541143,0.136924749440404,0.1371972414750578,0.0238290890648331,12.4357110953698,12.921440909363271,0.0035680630672222,1.4082248437432734e-05,0.0019775571678694,0.0021487380832465,0.0059326715036082,0.0034115851828334,1.3475468338232186e-05,0.0019416978272377,0.0021869526571345,0.0058250934817132,0.0467682569881493,0.0467682569881493,0.0250884287659571,0.0291453334338766,0.0358930672814281,0.0752652862978714,0.0324088296219459,0.0324088296219459,0.0166378445492661,0.0198337742630911,0.0247897998064789,0.0499135336477983,595.4798972391658,1264.7554320685583,2757.184548212772,3657.1080752261455,4174.408754893277,599.1804652346493,1266.1102818003185,2757.612846717075,3639.474354969898,4160.52364606142,36.72480816415721,24.83948221144054,42.04622685674239,102.06314242626743,202.39529019927969,596.0929006283882,1265.7285512171811,2758.926249821641,3659.886633663692,4179.777691697303,599.4775389464874,1266.9591735849872,2759.375948381099,3640.5318211551375,4161.912949504084,37.19621229260341,27.82834756017207,42.03421693584304,101.21991192358426,185.22509354106643,253.32330322265625,4.006696224212647,263.359619140625,240.6239624023437,-0.7779102861452627,1.1967553019490174,2.176581694090542,8.719952741819734,0.0,0.0,2.176581694090542,8.719952741819734,2.176581694090542,8.719952741819734,,,,,253.32330322265625,4.006696224212647,263.359619140625,240.6239624023437,-0.7779102861452627,1.1967553019490174,253.32330322265625,4.006696224212647,263.359619140625,240.6239624023437,-0.7779102861452627,1.1967553019490174,0.0,0.0,0.0,0.0,0.0,0.0,0.0,0.0,0.0,0.0,0.0,0.0,0.0,0.0,0.0,0.0,0.0,0.0,0.0,0.0,0.0,0.0,0.0,0.0,0.0,0.0,0.0,0.0,0.0,0.0,0.0,0.0,0.0,0.0,0.0,0.0,0.0,0.0,0.0,0.0,0.0,0.0,0.0,0.0,0.0,0.0,0.0,0.0,0.0,0.0,0.0,0.0,0.0,0.0,0.0,0.0,0.0,0.0,0.0,0.0,0.0,0.0,0.0,0.0,0.0,0.0,0.0,0.0,0.0,0.0,0.0,0.0,0.0,0.0875776037573814,-0.0092591475695371,0.4121425831619199,3.896782078346831,5.564361244947006,0.2887414450555989,-12.607459452267518,1.4331194162368774,1.6835678815841677,0.3556021335602768,4.576390908706784,4.137279675357223,0.2304723754340778,1.1675596030849782,0.133002377764517,0.333807465849932,1.6470480103320064,1.4724939979591365,0.8012097885728268,1.3344089071117389,-1.175813588169823,1.4741757171906498,0.9512586436080196,4.299995272453577,2.1828490579679167,0.4347634581928958,1.9550594491040965,4.02419378564259,0.0003112296836716,0.0048889013160578,0.0016223122824847,0.2131685854076048,0.0605292276277359,9.507113973887511,6.944786556575158,-773.1918819790826,6849.042013818556,5.748525658227167e-05,0.0006450630825304,0.0002823448883191,0.0287668284663519,0.0144235252019959,2.2453223097007093,1.568587012895445,6915.897085968832,48570.802269503765,-0.1080613365083059,-0.1878270814807124,0.0085211631384273,-0.1547421294387737,-0.1270239303486723,1.3971508749668042,0.661549084725699,-9.021214480272333,9.071869288742514,0.3924365928634405,-0.7224865348785579,-0.0820773939584502,-0.9119677115929216,-0.7391355061038638,1.7324925341664228,-0.1337958533849796,79.953491742162,80.53512768471865
1234568,4,82.5,4295,281.55605456103734,281.81089233035567,3.996531387845613,1.965530767043656,9.742227603330647,9.474049716245007,0.1719316905126597,0.1736588833453312,0.0370379136696796,13.03847037843528,13.650107013077312,0.0037796832417709,1.3424301495202668e-05,0.0022592758493413,0.0021160257346758,0.006777827548024,0.0037917484520778,1.3498632240535469e-05,0.0022919235931334,0.0020146569540663,0.0068757707794004,0.0363141888184349,0.0363141888184349,0.0201117191754984,0.0216494777940748,0.0269530883535143,0.0603351575264952,0.028547265532746,0.028547265532746,0.0163892830220375,0.0170860989511782,0.0208987809558799,0.0491678490661126,618.4154619540732,1333.4278027140049,2784.100937353877,3768.7858282797897,4029.704135285486,612.5064758948893,1338.3200066266656,2786.3133387575244,3772.396786269761,3988.472693973129,26.80196020081912,44.81133064942679,32.52892623247765,106.69149766253844,94.24904569274145,618.5191055239576,1332.5244864052272,2784.316684003457,3769.47795136756,4028.5935517347807,613.0751383160493,1337.8025170906585,2784.7286787160665,3774.975347540316,3990.049843919416,24.904203389904875,44.21977388768777,31.58407352145988,103.66021484308696,87.34373485989332,281.4573974609375,4.0483012199401855,293.4014587402344,251.5284576416016,-3.1493523140961006,18.29911923366837,1.3533732657643462,13.683441915847911,0.0,0.0,1.3533732657643462,13.683441915847911,1.3533732657643462,13.683441915847911,,,,,281.4573974609375,4.0483012199401855,293.4014587402344,251.5284576416016,-3.1493523140961006,18.29911923366837,281.4573974609375,4.0483012199401855,293.4014587402344,251.5284576416016,-3.1493523140961006,18.29911923366837,0.0,0.0,0.0,0.0,0.0,0.0,0.0,0.0,0.0,0.0,0.0,0.0,0.0,0.0,0.0,0.0,0.0,0.0,0.0,0.0,0.0,0.0,0.0,0.0,0.0,0.0,0.0,0.0,0.0,0.0,0.0,0.0,0.0,0.0,0.0,0.0,0.0,0.0,0.0,0.0,0.0,0.0,0.0,0.0,0.0,0.0,0.0,0.0,0.0,0.0,0.0,0.0,0.0,0.0,0.0,0.0,0.0,0.0,0.0,0.0,0.0,0.0,0.0,0.0,0.0,0.0,0.0,0.0,0.0,0.0,0.0,0.0,0.0,0.1126190200448036,0.0535893775522708,0.4120927865200613,3.2113097451172323,5.208425995903109,0.231135286669371,-14.957884934591068,1.752130389213562,2.041661024093628,0.4412114311791079,3.987142384763946,4.356931483437222,0.2104620039553978,2.2035319383209826,-1.4931827971128533,2.835470244422212,4.593054639811894,2.6865634626258728,1.834676006319935,1.9867905590174484,-4.280989656461656,14.93940180660897,24.72656188376713,35.26201734315297,14.68794339031729,4.806167936564599,7.232959208749618,25.908201539550788,0.0002367905889126,0.0050625458413289,0.0014853557955583,0.1470215230940825,0.0420510510833559,9.026109040347588,4.4859822338755215,-65.83125755646518,772.6058300379451,9.78639261339974e-05,0.0004780974102223,0.0003573694594612,0.0243372636356452,0.0143631281218415,1.4441493859679957,0.9280498455467848,137.50366349991052,1046.5358788874084,0.4058472266119443,0.3595311622919626,0.5345884091024864,2.59168022235821,3.0893593535826933,-0.2887714527865264,-0.3080323861847673,2.4539432238961,2.2783625076222296,-0.9533561088705088,-0.5798165239427275,-0.5808765978788109,9.145775304610131,11.214398322233276,-0.117542224007161,-0.4784940307620453,8.317310159457058,4.498167451583049
1234569,0,63.1,4867,89.06859015102339,89.06489572469299,1.4010734961984563,1.1181447334071748,2.723551939090229,4.441361529925196,0.0834843362412955,0.0802227000673419,0.0325670678620404,7.857714023262637,8.739944638352918,0.0047915232928753,5.379711862126237e-05,0.002108110099815,0.0027344905172789,0.0063243302994452,0.004693592865998,5.3199343127895336e-05,0.0022245500165459,0.0030394899488718,0.0066736500496379,0.1353191335856838,0.1353191335856838,0.0760764273898404,0.0863406132449588,0.0947979771576696,0.2282292821695212,0.1071517813189985,0.1071517813189985,0.0602076857589358,0.0700358193538426,0.0840336667375604,0.1806230572768076,670.7574716356472,1682.310953491119,3002.0615564854584,4076.653024638436,4507.566410536791,761.3377915856722,2274.883146895387,3431.537126496776,4300.270344144554,4501.614970150795,222.04205473276764,693.2343830689911,565.1548081564882,464.49109820945455,64.98452341112926,672.5812235220753,1689.819514443377,3007.1824516155225,4078.011353607221,4510.2478894595615,689.6685534054803,1763.9738404334223,3103.7486270593463,4156.880208478003,4505.692320301769,203.5638259417494,651.3633098248538,526.1507321932654,429.7174798413965,53.18063918914076,88.9846420288086,1.3883256912231443,91.97418975830078,85.29447937011719,0.0479557398938518,-0.8790257273171544,-0.563472989847047,1.5691392965876685,0.0,0.0,-0.563472989847047,1.5691392965876685,-0.563472989847047,1.5691392965876685,,,,,88.9846420288086,1.3883256912231443,91.97418975830078,85.29447937011719,0.0479557398938518,-0.8790257273171544,88.9846420288086,1.3883256912231443,91.97418975830078,85.29447937011719,0.0479557398938518,-0.8790257273171544,0.0,0.0,0.0,0.0,0.0,0.0,0.0,0.0,0.0,0.0,0.0,0.0,0.0,0.0,0.0,0.0,0.0,0.0,0.0,0.0,0.0,0.0,0.0,0.0,0.0,0.0,0.0,0.0,0.0,0.0,0.0,0.0,0.0,0.0,0.0,0.0,0.0,0.0,0.0,0.0,0.0,0.0,0.0,0.0,0.0,0.0,0.0,0.0,0.0,0.0,0.0,0.0,0.0,0.0,0.0,0.0,0.0,0.0,0.0,0.0,0.0,0.0,0.0,0.0,0.0,0.0,0.0,0.0,0.0,0.0,0.0,0.0,0.0,0.0278903190046548,-0.0572914741933345,0.6260511533968439,3.136322502781544,8.774984439005353,0.3838777999359455,-23.25722531921676,1.0204479694366455,1.3008079528808594,0.893509697895576,4.844337668976314,7.639195382487652,0.3356680708668355,3.9927104215141407,4.877127836063271,-5.258733286480443,7.992845741444712,2.5330345818955684,0.9477779711289054,1.9662407069615075,0.2491291048822511,47.53170146293153,50.79165094319151,85.37312271792848,8.22896625666498,-0.2315296237035484,5.523698937716906,-1.273320646284581,0.0012716351900704,0.0018685976861821,0.000793531958074,0.1179355973791762,0.0851711821030231,5.909486058795557,7.302522709521767,28.99075613921699,18.460979533124,0.0002899501418506,0.0003991019886467,0.0001264008996319,0.0199336293673279,0.0370053129486183,2.131748364026646,3.447406034972859,8.082713027952092,10.916086068825514,-0.1745921475059093,0.6738546249522482,0.0381176850688828,0.9186872780902892,0.3353373617552599,-0.0776941778656757,1.2384579629330523,-0.1970196787801369,1.7959438381021504,-0.1305269806617777,0.0225203730413112,-0.6847025619228391,1.3209355057567649,-0.7005355180404917,-0.1237675153431729,0.8938884705298555,-0.5554002625207493,2.821780388722316
1234569,1,61.9,3117,110.04129876874175,110.04047172519174,2.0411945053906844,1.6153440611291106,15.220265346551338,14.890084598358708,0.1538097273528586,0.1538823229502847,0.0414314186589671,16.085241249870275,16.567113632649228,0.0030938628774873,2.811254282291665e-05,0.0010752205538359,0.0016396066168918,0.0032256616615078,0.0028539896249973,2.610489174718401e-05,0.001057869993217,0.0014863532815462,0.003173609979651,0.0390408134840365,0.0390408134840365,0.0135698890924818,0.0216815773398192,0.0475235313130383,0.0407096672774455,0.0408228063921645,0.0408228063921645,0.0145595147425708,0.0243044063683939,0.0519868453478276,0.0436785442277125,596.3246755468311,1342.1841323179085,2705.6048415942137,3802.1617616098792,4559.711423296327,551.7594767710372,987.1204806218705,2391.7661068280004,3554.5594102722507,4629.832184146639,234.64805971879545,595.8236238211509,518.0911609917878,442.5938575665518,139.09840182238747,585.3326354267714,1303.7386959533496,2670.794339709934,3772.411229855849,4561.398075620459,538.1669023254419,990.1613381158973,2403.784803212742,3557.899444168501,4628.1323527161285,220.14367169056305,565.0861723881161,490.6611332480683,414.1069531958445,135.1356710504036,110.01832580566406,2.026731491088867,115.51337432861328,104.90157318115234,-0.0555485700390616,0.0993368758082611,-1.06446202263716,2.574131122580733,0.0,0.0,-1.06446202263716,2.574131122580733,-1.06446202263716,2.574131122580733,,,,,110.01832580566406,2.026731491088867,115.51337432861328,104.90157318115234,-0.0555485700390616,0.0993368758082611,110.01832580566406,2.026731491088867,115.51337432861328,104.90157318115234,-0.0555485700390616,0.0993368758082611,0.0,0.0,0.0,0.0,0.0,0.0,0.0,0.0,0.0,0.0,0.0,0.0,0.0,0.0,0.0,0.0,0.0,0.0,0.0,0.0,0.0,0.0,0.0,0.0,0.0,0.0,0.0,0.0,0.0,0.0,0.0,0.0,0.0,0.0,0.0,0.0,0.0,0.0,0.0,0.0,0.0,0.0,0.0,0.0,0.0,0.0,0.0,0.0,0.0,0.0,0.0,0.0,0.0,0.0,0.0,0.0,0.0,0.0,0.0,0.0,0.0,0.0,0.0,0.0,0.0,0.0,0.0,0.0,0.0,0.0,0.0,0.0,0.0,-0.004808644298464,-0.0369099415838718,0.6251787765328833,2.2439460640818107,7.116749832962439,0.4169228675286199,-18.326602266076613,0.9913765788078308,1.234715461730957,0.5849575645984054,2.9879599870449374,4.791655915587866,0.3225193975621265,3.357754366925522,1.0916219424051965,-1.0748176067081778,2.7493535359026944,2.597091255291794,0.5365962382586382,1.1983059240011114,0.3026649432942194,5.191866556061951,6.884215519519129,14.770718574618318,11.281839840878607,-0.5324582298517546,1.4845492560088367,0.5906988303247767,0.0009309614697652,0.0027197355781031,0.0010468386567156,0.1529926010159667,0.0752487050493063,8.16105277689654,6.308175027658907,45.2904469508258,25.801439284957365,0.0001507778807228,0.0002891939910211,0.0001791216242972,0.0268654481607691,0.0311892450185977,1.8256382508312543,2.567544430039032,7.007259377863916,19.83835956888942,-0.3983704209712694,0.0832757390754071,-0.5516626968917042,0.5512755498291343,-0.1238887750775787,0.2815890133332765,2.035818569548998,-1.48625040635966,5.664325826134781,-0.4409246183567998,-1.0111806153266467,0.1565084121612403,-0.2234752503906305,-1.2127271820673673,-0.3490663315399023,4.174032652690841,4.906665502883399,37.76619597639103
1234569,2,60.7,1367,88.6273149002168,88.65131388290038,0.9982108982493076,0.7745979719163357,12.148854496113923,11.895280833856376,0.1000077115362808,0.1008928841730832,0.0291133631088652,11.071737204919245,8.595465876088435,0.0058931173475579,6.651298388311798e-05,0.0032774071678447,0.0033571892535404,0.0098322215035343,0.0134592732048296,0.0001507616300229,0.0087270602044365,0.0066533982549561,0.0261811806133097,0.0457203061747696,0.0457203061747696,0.0236620921130038,0.0254710201153268,0.0426488824416218,0.0709862763390116,0.0926879287707368,0.0926879287707368,0.0568501105683424,0.0473773821542546,0.0778251719254744,0.1705503317050272,715.9800662261551,1992.4077377448868,3197.149142020352,4000.194963163721,4350.29847444197,758.5261198153765,2272.455019893592,3394.542994814965,4027.1769980954505,4366.892099060251,146.60959157868862,622.9590935594623,364.8683424030903,357.0470267945398,190.4394027106305,707.9315184379915,1965.12328709207,3181.298450376075,3989.515534042804,4376.596377365641,736.6049332290252,2244.416572520884,3383.112078343588,4002.065137178952,4398.721976823095,139.90211947684332,583.1662631887772,343.81494086734995,333.36051325524335,184.45609322137307,88.62413787841797,1.0357378721237185,92.58504486083984,85.1761245727539,-0.1473856718607951,0.2759034206435413,0.1395346100853449,1.0364532535924544,0.0,0.0,0.1395346100853449,1.0364532535924544,0.1395346100853449,1.0364532535924544,,,,,88.62413787841797,1.0357378721237185,92.58504486083984,85.1761245727539,-0.1473856718607951,0.2759034206435413,88.62413787841797,1.0357378721237185,92.58504486083984,85.1761245727539,-0.1473856718607951,0.2759034206435413,0.0,0.0,0.0,0.0,0.0,0.0,0.0,0.0,0.0,0.0,0.0,0.0,0.0,0.0,0.0,0.0,0.0,0.0,0.0,0.0,0.0,0.0,0.0,0.0,0.0,0.0,0.0,0.0,0.0,0.0,0.0,0.0,0.0,0.0,0.0,0.0,0.0,0.0,0.0,0.0,0.0,0.0,0.0,0.0,0.0,0.0,0.0,0.0,0.0,0.0,0.0,0.0,0.0,0.0,0.0,0.0,0.0,0.0,0.0,0.0,0.0,0.0,0.0,0.0,0.0,0.0,0.0,0.0,0.0,0.0,0.0,0.0,0.0,-0.0153906317427754,0.009932167828083,0.4812565670106802,3.795602801378376,6.850326806529716,0.3424289056183637,-14.852801208116956,0.6980273723602295,1.0332931280136108,0.5785073709365499,4.320925390929725,5.865680067503096,0.360511416332533,1.6199151382251389,0.3920880058968564,-1.1466456069800857,3.7731902072673176,1.1714594826298033,1.538278795150516,3.4937615446105466,-0.4230294725626381,10.786369423709896,10.07120466651499,19.322407912652267,0.8853371033381867,3.4861629779145806,17.58965324259493,-0.2145973075042873,0.0019060345594218,0.0019549752932962,0.0009789277971949,0.1274402836400353,0.0822510283937154,4.623091937140552,6.629423490909501,25.531641380566843,30.30524275215014,0.0015335507894489,0.0002681564535122,0.0001853364469478,0.0214178328355244,0.0355785975394681,1.962351089627849,3.528575662513328,11.878119113144686,48.05310851587971,3.6792856969847976,-0.7004690311983791,-0.0722961527067339,0.4509372024749709,0.3324091228861486,1.2290264006948308,1.843713679849565,-2.2409823561604787,3.4237117337594016,13.816058772661073,0.6851038748511167,0.077021897981389,-0.3919505839535371,-0.7258945463482069,1.1398089902236634,2.194897102727346,20.19852848623805,11.164521515533982
